<configuration>
  <!-- Status listener for debugging Logback configuration issues -->
  <statusListener class="ch.qos.logback.core.status.OnConsoleStatusListener" />

  <!-- Shutdown hook to ensure proper cleanup -->
  <shutdownHook class="ch.qos.logback.core.hook.DelayingShutdownHook"/>

  <!-- Properties for easy configuration management -->
  <property name="LOG_HOME" value="${LOG_HOME:-logs}" />
  <property name="MAX_LOG_FILE_SIZE" value="${MAX_LOG_FILE_SIZE:-50MB}" />
  <property name="MAX_LOG_HISTORY" value="${MAX_LOG_HISTORY:-30}" />
  <property name="TOTAL_SIZE_CAP" value="${TOTAL_SIZE_CAP:-10GB}" />
  <property name="APP_NAME" value="${APP_NAME:-orchid-app}" />

  <!-- Enhanced patterns for better readability and debugging -->
  <property name="CONSOLE_PATTERN" value="%d{yyyy-MM-dd HH:mm:ss.SSS} [%thread] %highlight(%-5level) %cyan(%logger{36}) %X{requestId:--} - %msg%n" />
  <property name="FILE_PATTERN" value="%d{yyyy-MM-dd HH:mm:ss.SSS} [%thread] %-5level %logger{36} %X{requestId:--} - %msg%n" />
  <property name="STRUCTURED_PATTERN" value="%d{yyyy-MM-dd HH:mm:ss.SSS} [%thread] %-5level %logger{36} %X{requestId:--} - %msg %throwable%n" />

  <!-- Console Appender with conditional formatting -->
  <appender name="STDOUT" class="ch.qos.logback.core.ConsoleAppender">
    <encoder>
      <pattern>${CONSOLE_PATTERN}</pattern>
    </encoder>
    <!-- Only log WARN and above to console in production -->
    <filter class="ch.qos.logback.classic.filter.ThresholdFilter">
      <level>${CONSOLE_LOG_LEVEL:-INFO}</level>
    </filter>
  </appender>

  <!-- Application logs (INFO and above, excluding ERROR) -->
  <appender name="APPLICATION_FILE" class="ch.qos.logback.core.rolling.RollingFileAppender">
    <file>${LOG_HOME}/${APP_NAME}.log</file>
    <encoder>
      <pattern>${FILE_PATTERN}</pattern>
    </encoder>

    <!-- Filter to exclude ERROR level (handled by ERROR_FILE appender) -->
    <filter class="ch.qos.logback.classic.filter.LevelFilter">
      <level>ERROR</level>
      <onMatch>DENY</onMatch>
      <onMismatch>ACCEPT</onMismatch>
    </filter>

    <rollingPolicy class="ch.qos.logback.core.rolling.SizeAndTimeBasedRollingPolicy">
      <fileNamePattern>${LOG_HOME}/archived/${APP_NAME}.%d{yyyy-MM-dd}.%i.log.gz</fileNamePattern>
      <maxFileSize>${MAX_LOG_FILE_SIZE}</maxFileSize>
      <maxHistory>${MAX_LOG_HISTORY}</maxHistory>
      <totalSizeCap>${TOTAL_SIZE_CAP}</totalSizeCap>
      <!-- Clean up on startup -->
      <cleanHistoryOnStart>true</cleanHistoryOnStart>
    </rollingPolicy>
  </appender>

  <!-- Error logs (ERROR level only) -->
  <appender name="ERROR_FILE" class="ch.qos.logback.core.rolling.RollingFileAppender">
    <file>${LOG_HOME}/${APP_NAME}-error.log</file>
    <encoder>
      <pattern>${STRUCTURED_PATTERN}</pattern>
    </encoder>

    <!-- Only ERROR level -->
    <filter class="ch.qos.logback.classic.filter.ThresholdFilter">
      <level>ERROR</level>
    </filter>

    <rollingPolicy class="ch.qos.logback.core.rolling.SizeAndTimeBasedRollingPolicy">
      <fileNamePattern>${LOG_HOME}/archived/${APP_NAME}-error.%d{yyyy-MM-dd}.%i.log.gz</fileNamePattern>
      <maxFileSize>${MAX_LOG_FILE_SIZE}</maxFileSize>
      <maxHistory>${MAX_LOG_HISTORY}</maxHistory>
      <totalSizeCap>5GB</totalSizeCap>
      <cleanHistoryOnStart>true</cleanHistoryOnStart>
    </rollingPolicy>
  </appender>

  <!-- Debug logs (DEBUG level only, separate file) -->
  <appender name="DEBUG_FILE" class="ch.qos.logback.core.rolling.RollingFileAppender">
    <file>${LOG_HOME}/${APP_NAME}-debug.log</file>
    <encoder>
      <pattern>${STRUCTURED_PATTERN}</pattern>
    </encoder>

    <!-- Only DEBUG level -->
    <filter class="ch.qos.logback.classic.filter.LevelFilter">
      <level>DEBUG</level>
      <onMatch>ACCEPT</onMatch>
      <onMismatch>DENY</onMismatch>
    </filter>

    <rollingPolicy class="ch.qos.logback.core.rolling.SizeAndTimeBasedRollingPolicy">
      <fileNamePattern>${LOG_HOME}/archived/${APP_NAME}-debug.%d{yyyy-MM-dd}.%i.log.gz</fileNamePattern>
      <maxFileSize>20MB</maxFileSize>
      <maxHistory>7</maxHistory>
      <totalSizeCap>1GB</totalSizeCap>
      <cleanHistoryOnStart>true</cleanHistoryOnStart>
    </rollingPolicy>
  </appender>

  <!-- Async wrapper for better performance -->
  <appender name="ASYNC_APPLICATION" class="ch.qos.logback.classic.AsyncAppender">
    <appender-ref ref="APPLICATION_FILE" />
    <queueSize>1024</queueSize>
    <discardingThreshold>0</discardingThreshold>
    <includeCallerData>false</includeCallerData>
    <neverBlock>true</neverBlock>
  </appender>

  <appender name="ASYNC_ERROR" class="ch.qos.logback.classic.AsyncAppender">
    <appender-ref ref="ERROR_FILE" />
    <queueSize>512</queueSize>
    <discardingThreshold>0</discardingThreshold>
    <includeCallerData>true</includeCallerData>
    <neverBlock>false</neverBlock>
  </appender>

  <!-- Specific logger configurations -->

  <!-- Your application logger -->
  <logger name="com.orchid.orchidbe" level="${APP_LOG_LEVEL:-INFO}" additivity="false">
    <appender-ref ref="ASYNC_APPLICATION" />
    <appender-ref ref="ASYNC_ERROR" />
    <appender-ref ref="DEBUG_FILE" />
    <appender-ref ref="STDOUT" />
  </logger>

  <!-- Framework loggers - reduce noise -->
  <logger name="org.springframework" level="WARN" />
  <logger name="org.hibernate" level="WARN" />
  <logger name="org.apache" level="WARN" />
  <logger name="com.zaxxer.hikari" level="WARN" />
  <logger name="org.springframework.web.servlet.mvc.method.annotation.RequestMappingHandlerMapping" level="WARN" />

  <!-- SQL logging (uncomment for debugging) -->
  <!-- <logger name="org.hibernate.SQL" level="DEBUG" /> -->
  <!-- <logger name="org.hibernate.type.descriptor.sql.BasicBinder" level="TRACE" /> -->

  <!-- Security-related logging -->
  <logger name="org.springframework.security" level="INFO" />
  <logger name="ROOT" level="INFO" />

  <!-- Root logger configuration -->
  <root level="${ROOT_LOG_LEVEL:-WARN}">
    <appender-ref ref="ASYNC_APPLICATION" />
    <appender-ref ref="ASYNC_ERROR" />
    <appender-ref ref="STDOUT" />
  </root>

</configuration>